AB3-1,566.24,132
AB3-2,566.24,132
AB3-3,566.24,132
AB3-4,566.24,132
AB3-5,566.24,132
AB3-6,566.24,132
AB3-7,566.24,132
AB3-8,566.24,132
AB3-9,566.24,132
AB3-10,566.24,132
AB3-11,566.24,132
AB3-12,566.24,132
AB3-13,566.24,132
AB3-14,566.24,132
AB3-15,566.24,132
AB3-16,566.24,132
AB3-17,566.24,132
AB3-18,566.24,132
AB3-19,566.24,132
AB3-20,566.24,132
AB3-21,566.24,132
AB3-22,566.24,132
AB3-23,566.24,132
AB3-24,566.24,132
AB3-25,566.24,132
B7378-1,566.24,156
B7378-2,566.24,156
B7378-3,566.24,156
B7378-4,566.24,398
B7474-1,590.4,398